region,zone,population_2022,area_km2,density_per_km2,cooperatives_total_jun2025,new_cooperatives_fy2024_25,cooperatives_per_100k_pop,coop_employment_dec2023,saccos_registered_dec2023,saccos_licensed_dec2023,saccos_license_rate_pct_dec2023,saccos_licensed_jun2025,saccos_licensed_per_100k_pop_jun2025,saccos_core_capital_tzs_bn_2023,saccos_assets_tzs_bn_2023,saccos_loans_outstanding_tzs_bn_2023,saccos_savings_deposits_tzs_bn_2023,saccos_loans_per_capita_tzs_2023,saccos_loans_issued_tzs_mn_sep2021,banked_pct_2023,other_formal_pct_2023,informal_only_pct_2023,financially_excluded_pct_2023,formal_inclusion_pct_2023,formal_inclusion_pct_2017,formal_inclusion_change_pts,basic_needs_poverty_pct_2018,food_poverty_pct_2018,poverty_gap_pct_2018
Arusha,Mainland,2356255,37576,62.7,234,2,9.93,1834,133,101,76,106,4.5,13.377,65.408,59.977,48.912,25454,26872.1,34,48,3,15,82,74,8,24.7,7.6,5.8
Dar es Salaam,Mainland,5383728,1393,3864.8,675,20,12.54,4021,293,249,85,271,5.03,107.953,915.769,783.805,689.47,145588,396177.64,45,48,1,6,93,93,0,8,2.3,2
Dodoma,Mainland,3085625,41311,74.7,158,22,5.12,670,55,38,69,51,1.65,3.191,15.267,10.099,9.351,3273,11028.44,18,57,6,19,75,67,8,23.2,3.7,4.1
Geita,Mainland,2977608,20054,148.5,583,14,19.58,23351,26,10,38,13,0.44,0.35,1.778,1.701,1.274,571,1016.61,19,57,11,13,76,64,12,37.5,14.5,9.9
Iringa,Mainland,1192728,35503,33.6,191,4,16.01,1024,49,35,71,37,3.1,2.867,9.221,7.187,5.294,6026,7372.68,31,44,7,17,75,78,-3,24,8,5.6
Kagera,Mainland,2989299,25265,118.3,362,13,12.11,34300,46,34,74,37,1.24,4.682,20.873,17.14,12.426,5734,12588.92,11,50,8,30,61,62,-1,31.9,12,8.3
Katavi,Mainland,1152958,45843,25.2,56,3,4.86,1303,5,2,40,3,0.26,0.05,0.093,0.095,0.094,82,425.24,18,57,9,17,75,53,22,29,9.2,6.7
Kigoma,Mainland,2470967,45066,54.8,224,21,9.07,1758,23,6,26,7,0.28,0.015,0.104,0.044,0.025,18,184.73,14,44,4,38,58,59,-1,34.5,14.2,10.1
Kilimanjaro,Mainland,1861934,13250,140.5,300,2,16.11,2803,83,75,90,82,4.4,15.269,119.084,95.837,92.429,51472,39105.79,17,60,2,21,77,90,-13,10.5,2.1,1.7
Lindi,Mainland,1194028,66669,17.9,200,7,16.75,11180,11,3,27,3,0.25,0.547,1.683,0.71,0.631,595,1214.85,33,46,7,15,79,63,16,38,15.3,9.6
Manyara,Mainland,1892502,44522,42.5,154,5,8.14,438,51,34,67,34,1.8,0.504,2.465,2.206,2.165,1166,3175.12,14,53,4,28,67,48,19,30.5,8,6.5
Mara,Mainland,2372015,21760,109,371,15,15.64,897,34,22,65,25,1.05,0.437,2.017,1.361,0.969,574,3322.33,22,60,5,13,82,56,26,23.2,2.2,4.2
Mbeya,Mainland,2343754,35954,65.2,411,11,17.54,6346,93,62,67,69,2.94,13.422,71.898,57.638,49.927,24592,25773.68,27,57,3,13,84,63,21,21.4,7.7,5
Morogoro,Mainland,3197104,70624,45.3,395,34,12.35,1977,62,38,61,42,1.31,4.083,25.763,19.35,15.723,6052,7199.74,13,56,6,26,69,64,5,19.3,4.3,3.7
Mtwara,Mainland,1634947,16710,97.8,437,16,26.73,20513,7,4,57,6,0.37,0.022,0.921,0.184,0.06,113,305.7,30,49,5,15,79,63,16,29.1,9,5.9
Mwanza,Mainland,3699872,9467,390.8,377,2,10.19,2390,40,27,68,32,0.86,3.696,15.719,14.303,8.324,3866,2518.35,20,62,4,14,82,69,13,34.6,9.4,7.8
Njombe,Mainland,889946,21347,41.7,279,23,31.35,2080,65,28,43,33,3.71,2.053,15.132,13.381,11.254,15036,12761.72,22,56,5,17,78,77,1,13.2,3.3,2.4
Pwani,Mainland,2024947,32547,62.2,165,2,8.15,5549,35,24,69,29,1.43,1.505,20.907,12.429,5.062,6138,7030.74,25,62,3,10,87,73,14,27.9,12.1,8.7
Rukwa,Mainland,1540519,22792,67.6,144,8,9.35,596,20,8,40,8,0.52,0.495,1.36,1.087,1.029,706,509.73,14,49,10,27,63,54,9,45,19.8,12.9
Ruvuma,Mainland,1848794,63669,29,308,7,16.66,2981,22,15,68,15,0.81,1.161,5.185,3.553,3.188,1922,2143.53,18,57,6,18,75,60,15,30.6,6.6,6.7
Shinyanga,Mainland,2241299,18901,118.6,312,29,13.92,9606,15,12,80,15,0.67,1.525,2.974,1.124,1.773,501,1228.82,16,49,9,26,65,59,6,31.9,8.2,6.7
Simiyu,Mainland,2140497,25212,84.9,372,3,17.38,10363,3,3,100,3,0.14,0.125,1.234,0.614,0.032,287,15.7,13,47,8,33,60,39,21,39.2,7.5,8.2
Singida,Mainland,2008058,49340,40.7,129,14,6.42,695,19,11,58,14,0.7,0.901,3.35,4.258,1.856,2120,1544.41,10,43,6,41,53,48,5,34,9.3,7.4
Songwe,Mainland,1344687,27656,48.6,275,37,20.45,1081,10,6,60,6,0.45,0.063,0.085,0.218,0.054,162,1024.89,26,52,10,12,78,59,19,20.7,5.6,4.4
Tabora,Mainland,3391679,76151,44.5,615,57,18.13,4437,14,4,29,5,0.15,0.023,0.187,0.121,0.166,36,13.29,12,54,6,27,66,48,18,34.5,11.1,8.3
Tanga,Mainland,2615597,26667,98.1,257,9,9.83,1789,69,33,48,36,1.38,2.091,9.939,5.312,5.453,2031,7548.58,13,62,10,15,75,69,6,21,8,5.1
Mjini Magharibi,Zanzibar,893169,230,3883.3,,,,,,,,,,,,,,,,28,59,2,11,87,62,25,,,
Kaskazini Pemba,Zanzibar,272091,574,474,,,,,,,,,,,,,,,,16,51,10,23,67,29,38,,,
Kusini Pemba,Zanzibar,271350,332,817.3,,,,,,,,,,,,,,,,38,45,6,11,83,36,47,,,
Kaskazini Unguja,Zanzibar,257290,470,547.4,,,,,,,,,,,,,,,,15,64,13,8,79,23,56,,,
Kusini Unguja,Zanzibar,195873,854,229.4,,,,,,,,,,,,,,,,24,62,7,7,86,50,36,,,
